HU,RLSP
-1000.00,0.00113
-742.50,0.25771
-92.11,0.96170
0.00,1.00653
24.00,1.02058
36.00,1.03049
76.33,1.07187
1369.00,1.74967
3096.00,2.36825
